ticker,company_name,added_date,removed_date
A,Agilent Technologies,2000-06-05,
AA,,,2016-11-01
AAL,,2015-03-23,2024-09-23
AAP,,2015-07-08,2023-08-25
AAPL,Apple Inc.,1982-11-30,
ABBV,AbbVie,2012-12-31,
ABK,,2000-12-05,2008-06-10
ABMD,,2018-05-31,2022-12-22
ABNB,Airbnb,2023-09-18,
ABS,,,2006-06-02
ABT,Abbott Laboratories,1957-03-04,
ACAS,,,2009-03-03
ACE,,,2016-01-19
ACGL,Arch Capital Group,2022-11-01,
ACN,Accenture,2011-07-06,
ADBE,Adobe Inc.,1997-05-05,
ADCT,,,2007-07-02
ADI,Analog Devices,1999-10-12,
ADM,Archer Daniels Midland,1957-03-04,
ADP,Automatic Data Processing,1981-03-31,
ADS,,2013-12-23,2020-06-22
ADSK,Autodesk,1989-12-01,
ADT,,2012-10-01,2016-05-03
AEE,Ameren,1991-09-19,
AEP,American Electric Power,1957-03-04,
AES,AES Corporation,1998-10-02,
AET,,,2018-12-03
AFL,Aflac,1999-05-28,
AGN,,,2015-03-23
AIG,American International Group,1980-03-31,
AIV,,,2020-12-21
AIZ,Assurant,2007-04-10,
AJG,Arthur J. Gallagher & Co.,2016-05-31,
AKAM,Akamai Technologies,2007-07-12,
AKS,,2008-07-01,2011-12-16
ALB,Albemarle Corporation,2016-07-01,
ALGN,Align Technology,2017-06-19,
ALK,,2016-05-13,2023-12-18
ALL,Allstate,1995-07-13,
ALLE,Allegion,2013-12-02,
ALTR,,,2015-12-29
ALXN,,2012-05-21,2021-07-21
AMAT,Applied Materials,1995-03-16,
AMCR,Amcor,2019-06-07,
AMD,Advanced Micro Devices,2017-03-20,
AME,Ametek,2013-09-23,
AMG,,2014-07-01,2019-12-23
AMGN,Amgen,1992-01-02,
AMP,Ameriprise Financial,2005-10-03,
AMT,American Tower,2007-11-19,
AMTM,,2024-09-30,2024-12-23
AMZN,Amazon,2005-11-18,
AN,,,1998-12-11
ANDV,,,2018-10-01
ANET,Arista Networks,2018-08-28,
ANF,,,2013-12-23
ANR,,2011-06-01,2012-10-02
ANSS,,2017-06-19,2025-07-18
AON,Aon plc,1996-04-23,
AOS,A. O. Smith,2017-07-26,
APA,APA Corporation,1997-07-28,
APC,,,2019-08-09
APD,Air Products,1985-04-30,
APH,Amphenol,2008-09-30,
APO,Apollo Global Management,2024-12-23,
APOL,,,2013-07-01
APP,AppLovin,2025-09-22,
APTV,Aptiv,2012-12-24,
ARE,Alexandria Real Estate Equities,2017-03-20,
ARG,,2009-09-28,2016-05-23
ARNC,,2016-11-01,2020-04-01
ATI,,,2015-07-02
ATO,Atmos Energy,2019-02-15,
ATVI,,2015-08-28,2023-10-18
AV,,,2007-10-26
AVB,AvalonBay Communities,2007-01-10,
AVGO,Broadcom,2014-05-08,
AVP,,,2015-03-23
AVY,Avery Dennison,1987-12-31,
AWK,American Water Works,2016-03-04,
AXON,Axon Enterprise,2023-05-04,
AXP,American Express,1976-06-30,
AYE,,2000-12-05,1976-07-01
AYI,,2016-05-03,2018-06-18
AZO,AutoZone,1997-01-02,
BA,Boeing,1957-03-04,
BAC,Bank of America,1976-06-30,
BALL,Ball Corporation,1984-10-31,
BAX,Baxter International,1972-09-30,
BBBY,,,2017-07-26
BBWI,,,2024-10-01
BBY,Best Buy,1999-06-29,
BC,,,2008-06-23
BCR,,,2018-01-03
BDX,Becton Dickinson,1972-09-30,
BEAM,,,2014-05-01
BEN,Franklin Resources,1998-04-30,
BF.B,Brown–Forman,1982-10-31,
BG,Bunge Global,2023-03-15,
BHF,,2017-08-08,2019-04-02
BHI,,,2017-07-07
BIG,,,2013-02-15
BIIB,Biogen,2003-11-13,
BIO,,2020-06-22,2024-09-23
BJS,,,2010-04-29
BK,BNY Mellon,1995-03-31,
BKNG,Booking Holdings,2009-11-06,
BKR,Baker Hughes,2017-07-07,
BLDR,Builders FirstSource,2023-12-18,
BLK,BlackRock,2011-04-04,
BMC,,,2013-09-10
BMS,,2019-06-07,2014-12-05
BMY,Bristol Myers Squibb,1957-03-04,
BR,Broadridge Financial Solutions,2018-06-18,
BRCM,,,2016-02-01
BRK.B,Berkshire Hathaway,2010-02-16,
BRO,Brown & Brown,2021-09-20,
BS,,,2000-12-05
BSX,Boston Scientific,1995-02-24,
BTU,,,2014-09-20
BWA,,2011-12-16,2025-03-24
BX,Blackstone Inc.,2023-09-18,
BXLT,,2015-07-01,2016-06-03
BXP,"BXP, Inc.",2006-04-03,
C,Citigroup,1988-05-31,
CA,,,2018-11-06
CAG,Conagra Brands,1983-08-31,
CAH,Cardinal Health,1997-05-27,
CAM,,,2016-04-04
CARR,Carrier Global,2020-04-03,
CAT,Caterpillar Inc.,1957-03-04,
CB,Chubb Limited,2010-07-15,
CBE,,2011-11-18,2009-09-28
CBOE,Cboe Global Markets,2017-03-01,
CBRE,CBRE Group,2006-11-10,
CCE,,,2016-05-31
CCI,Crown Castle,2012-03-14,
CCK,,,2000-12-05
CCL,Carnival,1998-12-22,
CDNS,Cadence Design Systems,2017-09-18,
CDW,CDW Corporation,2019-09-23,
CE,,2018-12-24,2025-03-24
CEG,Constellation Energy,2022-02-02,
CELG,,,2019-11-21
CEPH,,,2011-10-14
CERN,,2010-04-29,2022-06-08
CF,CF Industries,2008-08-27,
CFC,,,2008-07-01
CFG,Citizens Financial Group,2016-01-29,
CFN,,,2015-03-18
CHD,Church & Dwight,2015-12-29,
CHK,,,2018-03-19
CHRW,C.H. Robinson,2007-03-02,
CHTR,Charter Communications,2016-09-08,
CI,Cigna,1976-06-30,
CIEN,,,2009-12-18
CINF,Cincinnati Financial,1997-12-18,
CL,Colgate-Palmolive,1957-03-04,
CLF,,2009-12-18,2014-04-02
CLX,Clorox,1969-03-31,
CMA,,,2024-06-24
CMCSA,Comcast,2002-11-19,
CMCSK,,2015-09-18,2015-12-15
CME,CME Group,2006-08-11,
CMG,Chipotle Mexican Grill,2011-04-28,
CMI,Cummins,1965-03-31,
CMS,CMS Energy,1957-03-04,
CNC,Centene Corporation,2016-03-30,
CNP,CenterPoint Energy,1985-07-31,
CNX,,,2016-03-04
COF,Capital One,1998-07-01,
COIN,Coinbase,2025-05-19,
COL,,,2018-12-03
COO,Cooper Companies (The),2016-09-23,
COP,ConocoPhillips,1957-03-04,
COR,Cencora,2001-08-30,
COST,Costco,1993-10-01,
COTY,,2016-09-30,2020-09-21
COV,,2011-02-28,2009-06-05
CPAY,Corpay,2018-06-20,
CPB,Campbell's Company (The),1957-03-04,
CPGX,,2015-07-02,2016-07-05
CPRI,,,2020-05-12
CPRT,Copart,2018-07-02,
CPT,Camden Property Trust,2022-04-04,
CPWR,,1998-12-11,2011-12-31
CRL,Charles River Laboratories,2021-05-14,
CRM,Salesforce,2008-09-15,
CRWD,CrowdStrike,2024-06-24,
CSC,,,2015-12-01
CSCO,Cisco,1993-12-01,
CSGP,CoStar Group,2022-09-19,
CSRA,,2015-12-01,2018-04-04
CSX,CSX Corporation,1957-03-04,
CTAS,Cintas,2001-03-01,
CTLT,,2020-09-21,2024-12-23
CTRA,Coterra,2008-06-23,
CTSH,Cognizant,2006-11-17,
CTVA,Corteva,2019-06-03,
CTX,,,2009-08-19
CTXS,,,2022-10-03
CVC,,2010-12-17,2016-06-22
CVG,,2000-06-12,2009-12-18
CVH,,,2013-05-08
CVS,CVS Health,1957-03-04,
CVX,Chevron Corporation,1957-03-04,
CXO,,2016-02-22,2021-01-21
CZR,,2021-03-22,2025-09-22
D,Dominion Energy,2016-11-30,
DAL,Delta Air Lines,2013-09-11,
DASH,DoorDash,2025-03-24,
DAY,Dayforce,2021-09-20,
DD,DuPont,2019-06-03,
DDOG,Datadog,2025-07-09,
DE,Deere & Company,1957-03-04,
DECK,Deckers Brands,2024-03-18,
DELL,Dell Technologies,2024-09-23,
DF,,,2013-05-23
DFS,,2007-07-02,2025-05-19
DG,Dollar General,2012-12-03,
DGX,Quest Diagnostics,2002-12-12,
DHI,D. R. Horton,2005-06-22,
DHR,Danaher Corporation,1998-11-18,
DIS,Walt Disney Company (The),1976-06-30,
DISCA,,,2022-04-11
DISCK,,2014-08-06,2022-04-11
DISH,,2017-03-13,2023-06-20
DJ,,,2007-12-13
DLR,Digital Realty,2016-05-18,
DLTR,Dollar Tree,2011-12-19,
DNB,,,2017-04-05
DNR,,,2015-03-23
DO,,,2016-09-30
DOC,Healthpeak Properties,2008-03-31,
DOV,Dover Corporation,1985-10-31,
DOW,Dow Inc.,2019-04-01,
DPS,,,2018-07-02
DPZ,Domino's,2020-05-12,
DRE,,2017-07-26,2022-10-03
DRI,Darden Restaurants,1995-05-31,
DTE,DTE Energy,1957-03-04,
DTV,,,2015-07-29
DUK,Duke Energy,1976-06-30,
DV,,,2012-10-01
DVA,DaVita,2008-07-31,
DVN,Devon Energy,2000-08-30,
DWDP,,2017-09-01,2019-06-03
DXC,,2017-04-04,2023-10-03
DXCM,Dexcom,2020-05-12,
DYN,,,2009-12-18
EA,Electronic Arts,2002-07-22,
EBAY,eBay Inc.,2002-07-22,
ECL,Ecolab,1989-01-31,
ED,Consolidated Edison,1957-03-04,
EFX,Equifax,1997-06-19,
EG,Everest Group,2017-06-19,
EIX,Edison International,1957-03-04,
EK,,,2010-12-17
EL,Estée Lauder Companies (The),2006-01-05,
ELV,Elevance Health,2002-07-25,
EMC,,,2016-09-08
EME,Emcor,2025-09-22,
EMN,,,2025-11-04
EMR,Emerson Electric,1965-03-31,
ENDP,,2015-01-27,2017-03-02
ENPH,,2021-01-07,2025-09-22
EOG,EOG Resources,2000-11-02,
EP,,,2012-05-17
EPAM,EPAM Systems,2021-12-14,
EQIX,Equinix,2015-03-20,
EQR,Equity Residential,2001-12-03,
EQT,EQT Corporation,2022-10-03,
ERIE,Erie Indemnity,2024-09-23,
ES,Eversource Energy,2009-07-24,
ESRX,,2003-09-25,2018-12-24
ESS,Essex Property Trust,2014-04-02,
ESV,,2012-07-31,2016-03-30
ETFC,,,2020-10-07
ETN,Eaton Corporation,1957-03-04,
ETR,Entergy,1957-03-04,
ETSY,,2020-09-21,2024-09-23
EVHC,,2016-12-02,2018-10-11
EVRG,Evergy,2018-06-05,
EW,Edwards Lifesciences,2011-04-01,
EXC,Exelon,1957-03-04,
EXE,Expand Energy,2025-03-24,
EXPD,Expeditors International,2007-10-10,
EXPE,Expedia Group,2007-10-02,
EXR,Extra Space Storage,2016-01-19,
F,Ford Motor Company,1957-03-04,
FANG,Diamondback Energy,2018-12-03,
FAST,Fastenal,2008-09-15,
FBHS,,2016-06-22,2022-12-19
FCX,Freeport-McMoRan,2011-07-01,
FDC,,,2007-09-26
FDO,,,2015-07-08
FDS,FactSet,2021-12-20,
FDX,FedEx,1980-12-31,
FE,FirstEnergy,1997-11-28,
FFIV,"F5, Inc.",2010-12-20,
FHN,,,2013-06-21
FICO,Fair Isaac,2023-03-20,
FII,,,2013-01-02
FIS,Fidelity National Information Services,2006-11-10,
FISV,Fiserv,2001-04-02,
FITB,Fifth Third Bancorp,1996-03-29,
FL,,2016-04-04,2019-08-09
FLIR,,,2021-05-14
FLR,,,2019-06-03
FLS,,,2021-03-22
FMC,,2009-08-19,2025-03-24
FNM,,,2008-09-12
FOSL,,2012-04-03,2016-01-05
FOX,Fox Corporation (Class B),2019-03-19,
FOXA,Fox Corporation (Class A),2019-03-19,
FRC,,2019-01-02,2023-05-04
FRE,,,2008-09-12
FRT,Federal Realty Investment Trust,2016-02-01,
FRX,,,2014-07-01
FSLR,First Solar,2022-12-19,
FTI,,2009-06-05,2021-02-12
FTNT,Fortinet,2018-10-11,
FTR,,,2017-03-20
FTV,Fortive,2016-07-01,
GAS,,2011-12-12,2011-12-12
GD,General Dynamics,1957-03-04,
GDDY,GoDaddy,2024-06-24,
GE,GE Aerospace,1957-03-04,
GEHC,GE HealthCare,2023-01-04,
GEN,Gen Digital,2003-03-25,
GENZ,,,2011-04-01
GEV,GE Vernova,2024-04-02,
GGP,,2013-12-10,2018-08-28
GHC,,,2014-09-20
GILD,Gilead Sciences,2004-07-01,
GIS,General Mills,1957-03-04,
GL,Globe Life,1989-04-30,
GLK,,,2005-07-01
GLW,Corning Inc.,1995-02-27,
GM,General Motors,2013-06-06,
GMCR,,2014-03-21,2016-03-07
GME,,2007-12-13,2016-04-25
GNRC,Generac,2021-03-22,
GNW,,,2015-11-18
GOOG,Alphabet Inc. (Class C),2014-04-03,
GOOGL,Alphabet Inc. (Class A),2006-04-03,
GPC,Genuine Parts Company,1973-12-31,
GPN,Global Payments,2016-04-25,
GPS,,,2022-02-03
GR,,,2012-07-31
GRA,,,2000-12-05
GRMN,Garmin,2012-12-12,
GRN,,,1998-12-11
GS,Goldman Sachs,2002-07-22,
GT,,,2019-02-27
GWW,W. W. Grainger,1981-06-30,
HAL,Halliburton,1957-03-04,
HAR,,,2017-03-16
HAS,Hasbro,1984-09-30,
HBAN,Huntington Bancshares,1997-08-28,
HBI,,2015-03-23,2021-12-20
HCA,HCA Healthcare,2015-01-27,
HCBK,,,2015-11-02
HD,Home Depot (The),1988-03-31,
HES,,,2025-07-23
HFC,,2018-06-18,2021-06-04
HIG,Hartford (The),1957-03-04,
HII,Huntington Ingalls Industries,2018-01-03,
HLT,Hilton Worldwide,2017-06-19,
HNG,,,1976-07-01
HNZ,,,2013-06-06
HOG,,,2020-06-22
HOLX,Hologic,2016-03-30,
HON,Honeywell,1957-03-04,
HOOD,Robinhood Markets,2025-09-22,
HOT,,,2016-09-22
HP,,2010-02-26,2020-05-22
HPE,Hewlett Packard Enterprise,2015-11-02,
HPH,,,1999-06-09
HPQ,HP Inc.,1974-12-31,
HRB,,,2020-09-21
HRL,Hormel Foods,2009-03-04,
HSIC,Henry Schein,2015-03-17,
HSP,,,2015-09-02
HST,Host Hotels & Resorts,2007-03-20,
HSY,Hershey Company (The),1957-03-04,
HUBB,Hubbell Incorporated,2023-10-18,
HUM,Humana,2012-12-10,
HWM,Howmet Aerospace,2016-10-21,
IBKR,Interactive Brokers,2025-08-28,
IBM,IBM,1957-03-04,
ICE,Intercontinental Exchange,2007-09-26,
IDXX,Idexx Laboratories,2017-01-05,
IEX,IDEX Corporation,2019-08-09,
IFF,International Flavors & Fragrances,1976-03-31,
IGT,,,2014-06-20
ILMN,,2015-11-19,2024-06-24
INCY,Incyte,2017-02-28,
INFO,,2017-06-02,2022-03-02
INTC,Intel,1976-12-31,
INTU,Intuit,2000-12-05,
INVH,Invitation Homes,2022-09-19,
IP,International Paper,1957-03-04,
IPG,,,2025-11-28
IPGP,,2018-03-07,2022-06-21
IQV,IQVIA,2017-08-29,
IR,Ingersoll Rand,2020-03-03,
IRM,Iron Mountain,2009-01-06,
ISRG,Intuitive Surgical,2008-06-02,
IT,Gartner,2017-04-05,
ITT,,,2011-10-31
ITW,Illinois Tool Works,1986-02-28,
IVZ,Invesco,2008-08-21,
J,Jacobs Solutions,2007-10-26,
JBHT,J.B. Hunt,2015-07-01,
JBL,Jabil,2023-12-18,
JCI,Johnson Controls,2010-08-27,
JCP,,,2013-12-02
JDSU,,2000-07-27,2013-12-23
JEF,,,2019-09-26
JKHY,Jack Henry & Associates,2018-11-13,
JNJ,Johnson & Johnson,1973-06-30,
JNPR,,2006-06-02,2025-07-09
JNS,,,2011-11-18
JNY,,,2009-03-03
JOY,,,2015-10-07
JPM,JPMorgan Chase,1975-06-30,
JWN,,,2020-06-22
K,,,2025-12-11
KBH,,,2009-12-18
KDP,Keurig Dr Pepper,2022-06-21,
KEY,KeyCorp,1994-03-01,
KEYS,Keysight Technologies,2018-11-06,
KFT,,2007-03-30,2012-10-02
KG,,,2010-12-17
KHC,Kraft Heinz,2015-07-06,
KIM,Kimco Realty,2006-04-04,
KKR,KKR & Co.,2024-06-24,
KLAC,KLA Corporation,1997-09-30,
KMB,Kimberly-Clark,1957-03-04,
KMI,Kinder Morgan,2012-05-25,
KMX,,2010-06-28,2025-10-31
KO,Coca-Cola Company (The),1957-03-04,
KR,Kroger,1957-03-04,
KRFT,,2012-10-02,2015-07-06
KSE,,,2007-08-24
KSS,,,2020-09-21
KSU,,2013-05-23,2021-12-14
KVUE,Kenvue,2023-08-25,
L,Loews Corporation,1995-05-31,
LDOS,Leidos,2019-08-09,
LDW,,,1999-12-08
LEG,,,2021-12-20
LEH,,,2008-09-16
LEN,Lennar,2005-10-04,
LH,Labcorp,2004-11-01,
LHX,L3Harris,2008-09-22,
LIFE,,,2014-01-24
LII,Lennox International,2024-12-23,
LIN,Linde plc,1992-07-01,
LKQ,LKQ Corporation,2016-05-23,
LLL,,,2019-07-01
LLTC,,,2017-03-13
LLY,Lilly (Eli),1970-12-31,
LM,,,2016-12-02
LMT,Lockheed Martin,1957-03-04,
LNC,,,2023-09-18
LNT,Alliant Energy,2016-07-01,
LO,,2008-06-10,2015-06-11
LOW,Lowe's,1984-02-29,
LRCX,Lam Research,2012-06-29,
LSI,,,2014-05-08
LULU,Lululemon Athletica,2023-10-18,
LUMN,,,2023-03-20
LUV,Southwest Airlines,1994-07-01,
LVLT,,2014-11-05,2017-10-13
LVS,Las Vegas Sands,2019-10-03,
LW,Lamb Weston,2018-12-03,
LXK,,,2012-10-01
LYB,LyondellBasell,2012-09-05,
LYV,Live Nation Entertainment,2019-12-23,
M,,,2020-04-06
MA,Mastercard,2008-07-18,
MAA,Mid-America Apartment Communities,2016-12-02,
MAC,,2013-05-08,2019-12-23
MAR,Marriott International,1998-05-29,
MAS,Masco,1981-06-30,
MAT,,,2019-06-07
MBC,,2022-12-15,2022-12-19
MBI,,,2009-12-18
MCD,McDonald's,1970-06-30,
MCHP,Microchip Technology,2007-09-07,
MCK,McKesson Corporation,1999-01-13,
MCO,Moody's Corporation,1998-07-01,
MDLZ,Mondelez International,2012-10-02,
MDP,,,2011-01-03
MDT,Medtronic,1986-10-31,
MEE,,2008-06-23,2011-06-01
MET,MetLife,2000-12-11,
META,Meta Platforms,2013-12-23,
MFE,,,2011-02-28
MGM,MGM Resorts,2017-07-26,
MHK,Mohawk Industries,2013-12-23,
MHS,,,2012-04-03
MI,,,2011-07-05
MIL,,,2010-07-14
MJN,,2009-12-18,2017-06-19
MKC,McCormick & Company,2003-03-20,
MKTX,,2019-07-01,2025-09-22
MLM,Martin Marietta Materials,2014-07-02,
MMC,Marsh McLennan,1987-08-31,
MMI,,2011-01-03,2012-05-21
MMM,3M,1957-03-04,
MNK,,2014-08-18,2017-07-26
MNST,Monster Beverage,2012-06-28,
MO,Altria,1957-03-04,
MOH,Molina Healthcare,2022-03-02,
MOLX,,,2013-12-10
MON,,,2018-06-07
MOS,Mosaic Company (The),2011-09-26,
MPC,Marathon Petroleum,2011-07-01,
MPWR,Monolithic Power Systems,2021-02-12,
MRK,Merck & Co.,1957-03-04,
MRNA,Moderna,2021-07-21,
MRO,,,2024-11-26
MS,Morgan Stanley,1993-07-29,
MSCI,MSCI Inc.,2018-04-04,
MSFT,Microsoft,1994-06-01,
MSI,Motorola Solutions,1957-03-04,
MTB,M&T Bank,2004-02-23,
MTCH,Match Group,2021-09-20,
MTD,Mettler Toledo,2016-09-06,
MU,Micron Technology,1994-09-27,
MUR,,,2017-07-26
MWW,,,2011-12-16
MXIM,,2018-12-03,2007-09-27
NAVI,,2014-05-01,2018-06-05
NBL,,,2020-10-12
NBR,,,2015-03-23
NCLH,Norwegian Cruise Line Holdings,2017-10-13,
NCR,,,2007-10-01
NDAQ,"Nasdaq, Inc.",2008-10-22,
NDSN,Nordson Corporation,2022-02-15,
NE,,,2015-07-20
NEE,NextEra Energy,1976-06-30,
NEM,Newmont,1969-06-30,
NFLX,Netflix,2010-12-20,
NFX,,2010-12-17,2019-02-15
NI,NiSource,2000-11-02,
NKE,"Nike, Inc.",1988-11-30,
NKTR,,2018-03-19,2019-10-03
NLSN,,2013-07-08,2022-10-12
NOC,Northrop Grumman,1957-03-04,
NOV,,,2021-09-20
NOVL,,,2011-04-27
NOW,ServiceNow,2019-11-21,
NRG,NRG Energy,2010-01-29,
NSC,Norfolk Southern,1957-03-04,
NSM,,,2011-09-23
NTAP,NetApp,1999-06-25,
NTRS,Northern Trust,1998-01-30,
NUE,Nucor,1985-04-30,
NVDA,Nvidia,2001-11-30,
NVLS,,,2012-06-05
NVR,"NVR, Inc.",2019-09-26,
NWL,,,2023-09-18
NWS,News Corp (Class B),2015-09-18,
NWSA,News Corp (Class A),2013-08-01,
NXPI,NXP Semiconductors,2021-03-22,
NYT,,,2010-12-17
NYX,,,2013-11-13
O,Realty Income,2015-04-07,
ODFL,Old Dominion,2019-12-09,
ODP,,,2010-12-17
OGN,,2021-06-03,2023-10-18
OI,,2008-12-31,2000-12-05
OKE,Oneok,2010-03-15,
OMC,Omnicom Group,1997-12-31,
OMX,,,2008-06-23
ON,ON Semiconductor,2022-06-21,
ORCL,Oracle Corporation,1989-08-31,
ORLY,O’Reilly Automotive,2009-03-27,
OTIS,Otis Worldwide,2020-04-03,
OXY,Occidental Petroleum,1957-03-04,
PANW,Palo Alto Networks,2023-06-20,
PAYC,Paycom,2020-01-28,
PAYX,Paychex,1998-10-01,
PBCT,,,2022-04-04
PBI,,,2017-03-01
PCAR,Paccar,1980-12-31,
PCG,PG&E Corporation,2022-10-03,
PCL,,,2016-02-22
PCP,,,2016-02-01
PCS,,2009-06-29,2013-04-30
PDCO,,,2018-03-19
PEG,Public Service Enterprise Group,1957-03-04,
PENN,,2021-03-22,2022-09-19
PEP,PepsiCo,1957-03-04,
PETM,,2012-10-10,2015-03-12
PFE,Pfizer,1957-03-04,
PFG,Principal Financial Group,2002-07-22,
PG,Procter & Gamble,1957-03-04,
PGN,,,2012-07-02
PGR,Progressive Corporation,1997-08-04,
PH,Parker Hannifin,1985-11-30,
PHM,PulteGroup,1984-04-30,
PKG,Packaging Corporation of America,2017-07-26,
PLD,Prologis,2003-07-17,
PLL,,,2015-08-28
PLTR,Palantir Technologies,2024-09-23,
PM,Philip Morris International,2008-03-31,
PNC,PNC Financial Services,1988-04-30,
PNR,Pentair,2012-10-01,
PNW,Pinnacle West Capital,1999-10-04,
PODD,Insulet Corporation,2023-03-15,
POM,,,2016-03-30
POOL,Pool Corporation,2020-10-07,
PPG,PPG Industries,1957-03-04,
PPL,PPL Corporation,2001-10-01,
PRGO,,2011-12-16,2021-09-20
PRU,Prudential Financial,2002-07-22,
PSA,Public Storage,2005-08-19,
PSKY,Paramount Skydance Corporation,1994-09-30,
PSX,Phillips 66,2012-05-01,
PTC,PTC Inc.,2021-04-20,
PTV,,,2010-11-17
PVH,,2013-02-15,2022-09-19
PWR,Quanta Services,2009-07-01,
PXD,,,2024-05-08
PYPL,PayPal,2015-07-20,
Q,Qnity Electronics,2025-11-03,
QCOM,Qualcomm,1999-07-22,
QEP,,2010-06-30,2015-07-01
QRVO,,2015-06-11,2024-12-23
QTRN,,,2003-09-25
R,,,2017-06-19
RAD,,,2000-07-27
RAI,,,2017-07-26
RCL,Royal Caribbean Group,2014-12-05,
RDC,,,2014-08-18
REG,Regency Centers,2017-03-02,
REGN,Regeneron Pharmaceuticals,2013-05-01,
RF,Regions Financial Corporation,1998-08-28,
RHI,,,2024-06-24
RHT,,,2019-07-15
RIG,,2013-10-29,2017-07-26
RJF,Raymond James Financial,2017-03-20,
RL,Ralph Lauren Corporation,2007-02-02,
RMD,ResMed,2017-07-26,
ROK,Rockwell Automation,2000-03-12,
ROL,"Rollins, Inc.",2018-10-01,
ROP,Roper Technologies,2009-12-23,
ROST,Ross Stores,2009-12-21,
RRC,,2007-12-20,2018-06-18
RRD,,,2012-12-11
RSG,Republic Services,2008-12-05,
RSH,,,2011-06-30
RTN,,,2020-04-06
RTX,RTX Corporation,1957-03-04,
RVTY,Revvity,1985-05-31,
RX,,,2010-02-26
S,,,2013-07-08
SAI,,2009-12-18,2013-09-20
SBAC,SBA Communications,2017-09-01,
SBL,,2000-12-05,2007-01-10
SBNY,,2021-12-20,2023-03-15
SBUX,Starbucks,2000-06-07,
SCG,,,2019-01-02
SCHW,Charles Schwab Corporation,1997-06-02,
SE,,,2017-02-28
SEDG,,2021-12-20,2023-12-18
SEE,,,2023-12-18
SGP,,,2009-11-03
SHLD,,,2012-09-05
SHW,Sherwin-Williams,1964-06-30,
SIAL,,,2015-11-19
SIG,,2015-07-29,2018-03-19
SII,,,2010-08-26
SIVB,,2018-03-19,2023-03-15
SJM,J.M. Smucker Company (The),2008-11-06,
SLB,Schlumberger,1957-03-04,
SLE,,,2012-06-29
SLG,,2015-03-23,2021-03-22
SLM,,,2014-05-01
SLR,,,2007-10-02
SMCI,Supermicro,2024-03-18,
SMS,,,2000-06-07
SNA,Snap-on,1982-09-30,
SNDK,Sandisk,2025-11-28,
SNI,,,2018-03-07
SNPS,Synopsys,2017-03-16,
SO,Southern Company,1957-03-04,
SOLS,Solstice Advanced Materials,2025-10-30,
SOLV,Solventum,2024-04-01,
SPG,Simon Property Group,2002-06-26,
SPGI,S&P Global,1957-03-04,
SPLS,,,2017-09-18
SRCL,,,2018-12-03
SRE,Sempra,2017-03-17,
STE,Steris,2019-12-23,
STI,,,2019-12-09
STJ,,,2017-01-05
STLD,Steel Dynamics,2022-12-22,
STR,,,2010-06-30
STT,State Street Corporation,2003-03-14,
STX,Seagate Technology,2012-07-02,
STZ,Constellation Brands,2005-07-01,
SUN,,,1998-12-11
SVU,,,2012-04-23
SW,Smurfit Westrock,2024-07-08,
SWK,Stanley Black & Decker,1982-09-30,
SWKS,Skyworks Solutions,2015-03-12,
SWN,,,2017-04-04
SWY,,,2015-01-27
SYF,Synchrony Financial,2015-11-18,
SYK,Stryker Corporation,2000-12-12,
SYY,Sysco,1986-12-31,
T,AT&T,1983-11-30,
TAP,Molson Coors Beverage Company,1976-06-30,
TDC,,2007-10-01,2017-06-19
TDG,TransDigm Group,2016-06-03,
TDY,Teledyne Technologies,2020-06-22,
TE,,,2016-07-01
TECH,Bio-Techne,2021-08-30,
TEG,,,2015-07-01
TEL,TE Connectivity,2011-10-17,
TER,Teradyne,2020-09-21,
TFC,Truist Financial,1997-12-04,
TFX,,2019-01-18,2025-03-24
TGNA,,,2017-06-02
TGT,Target Corporation,1976-12-31,
THC,,,2016-04-18
TIE,,,2012-12-21
TIF,,,2021-01-07
TJX,TJX Companies,1985-09-30,
TKO,TKO Group Holdings,2025-03-24,
TLAB,,,2011-12-20
TMC,,,2000-06-12
TMO,Thermo Fisher Scientific,2004-08-03,
TMUS,T-Mobile US,2019-07-15,
TPL,Texas Pacific Land Corporation,2024-11-26,
TPR,"Tapestry, Inc.",2004-09-01,
TRB,,,2007-12-20
TRGP,Targa Resources,2022-10-12,
TRIP,,2011-12-20,2019-12-23
TRMB,Trimble Inc.,2021-01-21,
TROW,T. Rowe Price,2019-07-29,
TRV,Travelers Companies (The),2002-08-21,
TSCO,Tractor Supply,2014-01-24,
TSG,,,2007-03-30
TSLA,"Tesla, Inc.",2020-12-21,
TSN,Tyson Foods,2005-08-10,
TSS,,,2019-09-23
TT,Trane Technologies,2010-11-17,
TTD,Trade Desk (The),2025-07-18,
TTWO,Take-Two Interactive,2018-03-19,
TWC,,,2016-05-18
TWTR,,2018-06-07,2022-11-01
TWX,,,2018-06-20
TXN,Texas Instruments,2001-03-12,
TXT,Textron,1978-12-31,
TYC,,2010-08-26,2016-09-06
TYL,Tyler Technologies,2020-06-22,
UA,,2014-05-01,2022-06-21
UAA,,,2022-06-21
UAL,United Airlines Holdings,2015-09-03,
UBER,Uber,2023-12-18,
UDR,"UDR, Inc.",2016-03-07,
UHS,Universal Health Services,2014-09-20,
ULTA,Ulta Beauty,2016-04-18,
UNH,UnitedHealth Group,1994-07-01,
UNM,,,2021-09-20
UNP,Union Pacific Corporation,1957-03-04,
UPS,United Parcel Service,2002-07-22,
URBN,,,2017-03-20
URI,United Rentals,2014-09-20,
USB,U.S. Bancorp,1999-11-01,
USL,,,1997-06-17
V,Visa Inc.,2009-12-21,
VAR,,,2021-04-20
VFC,,,2024-04-03
VIAB,,,2019-12-05
VICI,Vici Properties,2022-06-08,
VLO,Valero Energy,2002-12-20,
VLTO,Veralto,2023-10-02,
VMC,Vulcan Materials Company,1999-06-30,
VNO,,,2023-01-05
VNT,,2020-10-09,2021-03-22
VRSK,Verisk Analytics,2015-10-08,
VRSN,Verisign,2006-02-01,
VRTX,Vertex Pharmaceuticals,2013-09-23,
VST,Vistra Corp.,2024-05-08,
VTR,Ventas,2009-03-04,
VTRS,Viatris,2004-04-23,
VZ,Verizon,1983-11-30,
WAB,Wabtec,2019-02-27,
WAT,Waters Corporation,2002-01-02,
WB,,,2008-12-31
WBA,,,2025-08-28
WBD,Warner Bros. Discovery,2022-04-11,
WCG,,2018-09-14,2020-01-28
WDAY,"Workday, Inc.",2024-12-23,
WDC,Western Digital,2009-07-01,
WEC,WEC Energy Group,2008-10-31,
WELL,Welltower,2009-01-30,
WFC,Wells Fargo,1976-06-30,
WFM,,,2017-08-29
WFR,,,2011-12-16
WHR,,,2024-03-18
WIN,,,2015-04-07
WM,Waste Management,1998-08-31,
WMB,Williams Companies,1975-03-31,
WMT,Walmart,1982-08-31,
WPX,,2011-12-31,2014-03-21
WRB,W. R. Berkley Corporation,2019-12-05,
WSM,"Williams-Sonoma, Inc.",2025-03-24,
WST,West Pharmaceutical Services,2020-05-22,
WTW,Willis Towers Watson,2016-01-05,
WU,,,2021-12-20
WY,Weyerhaeuser,1979-10-01,
WYN,,,2018-05-31
WYNN,Wynn Resorts,2008-11-14,
X,,,2014-07-02
XEC,,2014-06-20,2020-03-02
XEL,Xcel Energy,1957-03-04,
XL,,,2018-09-14
XLNX,,,2022-02-15
XOM,ExxonMobil,1957-03-04,
XRAY,,,2024-04-03
XRX,,,2021-03-22
XTO,,,2010-06-28
XYL,Xylem Inc.,2011-11-01,
XYZ,"Block, Inc.",2025-07-23,
YHOO,,1999-12-08,2017-06-19
YUM,Yum! Brands,1997-10-06,
ZBH,Zimmer Biomet,2001-08-07,
ZBRA,Zebra Technologies,2019-12-23,
ZION,,,2024-03-18
ZTS,Zoetis,2013-06-21,
